,City,Lat,Lng,Max Temp,Humidity,Cloudiness,Wind Speed,Country,Date
0,Lebu,-37.62,-73.65,58.59,70,0,19.33,CL,1608492482
1,Rikitea,-23.12,-134.97,77.16,76,42,22.64,PF,1608492482
2,Belyy Yar,53.6,91.39,17.6,72,0,13.42,RU,1608492483
3,Thompson,55.74,-97.86,-11.2,76,75,2.24,CA,1608492314
4,Charters Towers,-20.1,146.27,75.52,81,45,12.53,AU,1608492483
5,Busselton,-33.65,115.33,52.0,87,0,13.51,AU,1608492483
6,Half Moon Bay,37.46,-122.43,57.0,71,20,4.7,US,1608492483
7,Eureka,40.8,-124.16,60.01,87,1,5.82,US,1608492483
8,Lorengau,-2.02,147.27,82.11,75,90,5.66,PG,1608492483
9,Iqaluit,63.75,-68.51,-0.4,64,40,3.8,CA,1608492483
10,Orange Cove,36.62,-119.31,42.8,100,75,3.36,US,1608492483
11,Saint Paul Harbor,57.79,-152.41,15.8,92,1,8.05,US,1608492237
12,Qaanaaq,77.48,-69.36,-1.05,74,69,5.91,GL,1608492483
13,Yellowknife,62.46,-114.35,-18.0,75,75,5.82,CA,1608492436
14,Vaini,-21.2,-175.2,78.8,88,20,11.41,TO,1608492483
15,Ushuaia,-54.8,-68.3,51.8,71,75,28.86,AR,1608492440
16,Bluff,-46.6,168.33,53.83,81,100,16.49,NZ,1608492484
17,Marabu,4.41,114.01,80.01,100,40,3.36,MY,1608492484
18,Salinópolis,-0.61,-47.36,83.79,67,10,12.39,BR,1608492484
19,Hambantota,6.12,81.12,75.2,100,90,4.7,LK,1608492484
20,New Norfolk,-42.78,147.06,48.99,68,0,1.43,AU,1608492484
21,Port Hardy,50.7,-127.42,46.4,93,75,3.36,CA,1608492484
22,Atuona,-9.8,-139.03,78.6,77,75,17.52,PF,1608492484
23,Kaspiysk,42.88,47.64,41.0,93,90,8.95,RU,1608492485
24,Antananarivo,-18.91,47.54,68.0,82,75,11.41,MG,1608492485
25,Popova,42.96,131.72,-4.0,76,0,4.47,RU,1608492485
26,Punta Arenas,-53.15,-70.92,60.8,55,0,43.62,CL,1608492200
27,Albany,42.6,-73.97,33.01,75,100,6.51,US,1608492485
28,Deputatsky,69.3,139.9,-26.03,88,100,3.0,RU,1608492485
29,Adrian,41.9,-84.04,33.8,74,90,9.17,US,1608492346
30,Muros,42.78,-9.06,57.99,92,100,3.0,ES,1608492485
31,Nanortalik,60.14,-45.24,25.93,91,100,11.21,GL,1608492485
32,Lagoa,39.05,-27.98,64.17,87,100,21.65,PT,1608492485
33,Provideniya,64.38,-173.3,-3.71,88,22,13.22,RU,1608492485
34,Saint-Philippe,-21.36,55.77,75.2,83,0,4.7,RE,1608492485
35,Mataura,-46.19,168.86,52.43,77,100,5.86,NZ,1608492485
36,Hong Kong,22.29,114.16,59.0,58,100,1.99,HK,1608492416
37,Rudnichnyy,59.62,52.47,9.72,95,100,10.29,RU,1608492486
38,Puerto Ayora,-0.74,-90.35,78.8,69,75,13.87,EC,1608492486
39,Bisceglie,41.24,16.5,55.0,93,40,4.7,IT,1608492486
40,Cape Town,-33.93,18.42,71.6,68,20,18.34,ZA,1608492459
41,Kropotkin,45.44,40.58,32.07,94,100,7.07,RU,1608492487
42,Bud,39.45,-86.18,41.0,66,1,8.05,US,1608492487
43,Carnarvon,-24.87,113.63,75.2,73,0,19.46,AU,1608492487
44,Pontes e Lacerda,-15.23,-59.34,97.25,34,93,4.38,BR,1608492487
45,Date,42.47,140.87,24.28,91,100,21.0,JP,1608492487
46,Faanui,-16.48,-151.75,80.24,69,5,4.41,PF,1608492487
47,Hermanus,-34.42,19.23,70.0,77,0,3.0,ZA,1608492487
48,Hilo,19.73,-155.09,73.4,88,90,4.7,US,1608492335
49,Hobart,-42.88,147.33,48.99,93,0,6.93,AU,1608492294
50,Barrow,71.29,-156.79,-18.4,68,1,13.87,US,1608492488
51,Wau,7.7,28.0,80.02,24,0,4.29,SS,1608492488
52,Moose Jaw,50.4,-105.53,39.2,69,63,19.46,CA,1608492488
53,Santa Rosa,14.31,121.11,79.0,88,75,3.36,PH,1608492488
54,Kavaratti,10.57,72.64,81.45,69,89,5.41,IN,1608492488
55,Santa Fe,-31.63,-60.7,84.99,23,0,8.01,AR,1608492488
56,Husavik,66.04,-17.34,32.0,92,90,8.12,IS,1608492488
57,José Bonifácio,-21.05,-49.69,89.6,43,40,6.93,BR,1608492488
58,Chizhou,30.66,117.48,35.22,81,0,3.58,CN,1608492488
59,Shangqiu,34.45,115.65,31.66,83,0,0.58,CN,1608492488
60,Bambanglipuro,-7.95,110.28,76.17,83,100,6.24,ID,1608492488
61,Adrar,20.5,-10.07,64.98,28,0,12.46,MR,1608492489
62,Saskylakh,71.92,114.08,-39.24,80,35,3.13,RU,1608492489
63,Aksarka,66.56,67.8,-17.18,86,99,18.14,RU,1608492489
64,Sitka,57.05,-135.33,37.4,86,75,4.7,US,1608492489
65,Sokna,60.24,9.92,43.0,88,100,17.0,NO,1608492489
66,Arrecife,28.96,-13.55,66.2,82,75,9.17,ES,1608492206
67,Misratah,32.38,15.09,65.41,69,97,13.6,LY,1608492282
68,Spolaita,38.7,21.35,50.0,100,40,3.09,GR,1608492490
69,Cayenne,4.93,-52.33,82.4,83,75,8.05,GF,1608492490
70,Itarema,-2.92,-39.92,84.09,66,2,19.04,BR,1608492490
71,Kapaa,22.08,-159.32,77.0,88,90,19.46,US,1608492490
72,Shache,38.42,77.24,15.21,95,3,1.39,CN,1608492490
73,Tuktoyaktuk,69.45,-133.04,-41.8,64,20,4.7,CA,1608492490
74,Ancud,-41.87,-73.82,57.2,71,90,5.82,CL,1608492490
75,Kenai,60.55,-151.26,10.4,85,75,6.93,US,1608492210
76,Puerto Plata,19.79,-70.69,82.4,78,40,11.41,DO,1608492425
77,Brookings,44.31,-96.8,39.99,55,1,9.17,US,1608492195
78,Kupang,-10.17,123.58,81.7,81,100,14.41,ID,1608492253
79,Sunbury,-37.58,144.73,50.0,87,0,9.17,AU,1608492491
80,Mlonggo,-6.53,110.7,78.78,85,100,6.58,ID,1608492491
81,Constitución,-35.33,-72.42,66.61,49,0,19.91,CL,1608492491
82,Micheweni,-4.97,39.83,81.01,81,0,9.69,TZ,1608492491
83,Sørland,67.67,12.69,46.4,81,75,24.16,NO,1608492491
84,Tsuyama,35.05,134.0,31.08,96,11,2.57,JP,1608492491
85,Jamame,0.07,42.75,78.08,82,5,8.84,SO,1608492491
86,Mount Isa,-20.73,139.5,75.2,100,40,8.05,AU,1608492379
87,Port Alfred,-33.59,26.89,72.0,93,54,1.99,ZA,1608492491
88,San Felipe,10.34,-68.74,82.63,63,28,7.47,VE,1608492491
89,Jamestown,42.1,-79.24,35.01,98,90,6.93,US,1608492447
90,Saldanha,-33.01,17.94,68.0,68,0,10.29,ZA,1608492491
91,Fare,-16.7,-151.02,81.21,70,48,7.25,PF,1608492491
92,Souillac,-20.52,57.52,78.8,78,20,9.17,MU,1608492492
93,Mount Gambier,-37.83,140.77,53.6,76,90,5.82,AU,1608492492
94,Upernavik,72.79,-56.15,9.68,85,95,6.24,GL,1608492492
95,Craig,40.52,-107.55,28.4,68,90,6.93,US,1608492492
96,Kailua,21.4,-157.74,80.6,73,75,8.05,US,1608492492
97,Kathu,7.92,98.33,82.99,83,20,1.12,TH,1608492367
98,Chase,50.82,-119.69,39.2,93,100,2.24,CA,1608492492
99,Vila Franca do Campo,37.72,-25.43,62.6,88,75,13.87,PT,1608492492
100,Esperance,-33.87,121.9,59.0,82,10,4.7,AU,1608492492
101,Mahébourg,-20.41,57.7,78.8,78,20,9.17,MU,1608492492
102,Petropavlovsk-Kamchatskiy,53.05,158.65,3.2,71,16,11.18,RU,1608492325
103,Matagami,49.75,-77.63,30.2,92,90,13.87,CA,1608492493
104,Riyadh,24.69,46.72,57.2,62,0,2.24,SA,1608492493
105,Malanje,-9.54,16.34,60.91,94,90,1.41,AO,1608492493
106,Kampong Thom,12.71,104.89,65.91,77,100,5.88,KH,1608492493
107,Ketchikan,55.34,-131.65,37.4,100,90,9.17,US,1608492493
108,Aloleng,16.13,119.78,78.48,77,95,14.58,PH,1608492493
109,Metro,-5.11,105.31,73.78,90,100,3.94,ID,1608492493
110,Batouri,4.43,14.37,76.87,29,3,2.1,CM,1608492493
111,Okhotsk,59.38,143.3,-11.63,89,100,9.62,RU,1608492494
112,Nhulunbuy,-12.23,136.77,78.8,88,40,8.03,AU,1608492494
113,Guangming,45.33,122.78,14.59,81,0,14.99,CN,1608492494
114,Castro,-24.79,-50.01,75.2,84,100,6.91,BR,1608492494
115,Andenes,69.31,16.12,42.01,86,91,14.99,NO,1608492494
116,Avarua,-21.21,-159.78,80.6,65,100,2.24,CK,1608492494
117,Bredasdorp,-34.53,20.04,68.0,82,0,8.05,ZA,1608492494
118,Itacoatiara,-3.14,-58.44,85.26,79,98,1.52,BR,1608492494
119,Millinocket,45.66,-68.71,32.0,92,90,4.7,US,1608492332
120,Cienfuegos,22.15,-80.44,84.2,58,40,6.93,CU,1608492494
121,Salalah,17.02,54.09,77.0,38,0,10.29,OM,1608492494
122,Nikolskoye,59.7,30.79,34.0,95,90,11.18,RU,1608492494
123,Sambava,-14.27,50.17,77.45,86,95,6.76,MG,1608492495
124,Quatre Cocos,-20.21,57.76,78.8,78,20,9.17,MU,1608492495
125,Ust-Nera,64.57,143.2,-27.27,76,100,4.27,RU,1608492495
126,Lüderitz,-26.65,15.16,66.2,77,69,4.7,NA,1608492495
127,Aizawl,23.73,92.72,44.33,75,0,2.66,IN,1608492495
128,Coahuayana Viejo,18.73,-103.68,84.2,42,40,5.46,MX,1608492495
129,São José da Coroa Grande,-8.9,-35.15,81.28,70,0,13.91,BR,1608492495
130,Minsk,53.9,27.57,28.4,100,90,11.18,BY,1608492460
131,Isangel,-19.55,169.27,75.76,82,9,8.48,VU,1608492495
132,Yar-Sale,66.83,70.83,-20.65,86,94,16.06,RU,1608492495
133,Seoul,37.57,126.98,19.4,85,1,2.01,KR,1608492496
134,Altamira,-3.2,-52.21,84.2,79,40,5.82,BR,1608492496
135,Cherskiy,68.75,161.3,-28.68,85,0,2.04,RU,1608492496
136,Uyuni,-20.46,-66.83,71.33,20,8,12.59,BO,1608492496
137,Muzhi,65.37,64.67,-5.28,91,93,9.01,RU,1608492496
138,Kokopo,-4.35,152.26,76.84,82,86,4.0,PG,1608492496
139,Norman Wells,65.28,-126.83,-31.0,66,75,5.82,CA,1608492353
140,Port Hedland,-20.32,118.57,80.6,78,100,6.93,AU,1608492496
141,Longyearbyen,78.22,15.64,6.8,60,0,29.97,SJ,1608492496
142,Jōetsu,37.15,138.24,25.0,89,100,10.8,JP,1608492496
143,Valkla,59.47,25.32,37.0,100,90,12.75,EE,1608492496
144,Tigil',57.8,158.67,1.09,93,91,4.74,RU,1608492496
145,Magway,20.15,94.92,65.26,69,0,4.97,MM,1608492496
146,Chokurdakh,70.63,147.92,-16.4,89,78,10.33,RU,1608492497
147,Kumul,42.8,93.45,17.4,88,0,4.12,CN,1608492497
148,Disna,55.57,28.2,31.19,98,0,8.21,BY,1608492497
149,Moose Factory,51.26,-80.61,35.6,80,90,17.22,CA,1608492497
150,Fortuna,40.6,-124.16,60.01,100,1,0.83,US,1608492497
151,Dahra,36.25,0.85,55.4,93,40,3.36,DZ,1608492497
152,Coquimbo,-29.95,-71.34,62.6,67,20,14.99,CL,1608492400
153,Klaksvík,62.23,-6.59,44.6,93,100,8.05,FO,1608492497
154,Goderich,43.75,-81.72,37.4,74,98,14.99,CA,1608492311
155,Caravelas,-17.71,-39.25,81.21,71,95,14.27,BR,1608492497
156,Ambon City,-3.7,128.18,81.93,76,98,6.85,ID,1608492497
157,Zyryanskoye,56.83,86.63,-5.6,91,84,4.94,RU,1608492498
158,Payo,-3.75,103.64,71.71,94,100,1.43,ID,1608492498
159,Saint Anthony,45.02,-93.22,37.99,59,1,8.05,US,1608492498
160,George Town,5.41,100.34,78.8,83,20,6.73,MY,1608492206
161,Santa Maria,-29.68,-53.81,77.0,47,0,6.93,BR,1608492498
162,Alice Springs,-23.7,133.88,73.4,94,75,2.24,AU,1608492418
163,Kavieng,-2.57,150.8,83.1,70,9,2.59,PG,1608492498
164,Doka,13.52,35.77,78.69,29,0,12.88,SD,1608492498
165,Whyalla,-33.03,137.58,60.8,93,90,5.82,AU,1608492498
166,Mar del Plata,-38.0,-57.56,57.0,87,75,13.87,AR,1608492498
167,Cuamba,-14.8,36.54,73.62,81,100,1.39,MZ,1608492498
168,Yulara,-25.24,130.99,69.8,83,75,5.82,AU,1608492498
169,Grand Gaube,-20.01,57.66,78.01,79,0,3.0,MU,1608492498
170,Vila Velha,-20.33,-40.29,88.0,70,20,19.46,BR,1608492263
171,Arman',59.7,150.17,-11.45,83,98,12.91,RU,1608492499
172,Honiara,-9.43,159.95,75.2,94,40,4.7,SB,1608492499
173,Bambous Virieux,-20.34,57.76,78.8,78,20,9.17,MU,1608492499
174,Lac du Bonnet,50.25,-96.06,12.99,77,100,9.17,CA,1608492499
175,Pasni,25.26,63.47,69.84,58,100,6.67,PK,1608492499
176,Fria,10.42,-13.58,79.52,50,0,4.97,GN,1608492499
177,Butaritari,3.07,172.79,81.23,78,86,17.07,KI,1608492499
178,Coyhaique,-45.58,-72.07,60.8,44,40,6.93,CL,1608492204
179,Khatanga,71.97,102.5,-28.8,85,96,4.12,RU,1608492499
180,Ponta do Sol,32.67,-17.1,62.6,77,20,5.82,PT,1608492499
181,Nelson Bay,-32.72,152.15,69.8,100,90,6.93,AU,1608492499
182,Oranjestad,12.52,-70.03,84.2,70,20,18.34,AW,1608492500
183,Marzuq,14.4,46.47,67.69,46,94,5.55,YE,1608492500
184,Saint George,37.1,-113.58,39.2,38,1,0.67,US,1608492407
185,Zhengjiatun,43.51,123.51,7.0,92,0,9.04,CN,1608492441
186,Hasaki,35.73,140.83,33.8,47,20,4.7,JP,1608492500
187,Sibu,2.3,111.82,75.2,100,40,3.36,MY,1608492500
188,Marsh Harbour,26.54,-77.06,73.74,61,20,9.04,BS,1608492456
189,Bethel,41.37,-73.41,30.99,86,90,3.91,US,1608492500
190,Ōdachō-ōda,35.18,132.5,43.14,63,99,12.03,JP,1608492500
191,Torbay,47.67,-52.73,28.0,85,20,12.75,CA,1608492500
192,Chui,-33.7,-53.46,73.96,43,0,15.3,UY,1608492500
193,Westport,41.14,-73.36,33.01,100,100,5.66,US,1608492424
194,Margate,51.38,1.39,46.0,75,33,1.99,GB,1608492500
195,Nerchinskiy Zavod,51.31,119.61,-2.42,90,91,4.32,RU,1608492501
196,San Quintín,30.48,-115.95,67.14,29,1,3.27,MX,1608492501
197,Alpena,45.06,-83.43,35.6,80,90,9.17,US,1608492501
198,Khanbari,27.37,87.2,50.97,58,0,2.86,NP,1608492501
199,Fort Saint James,54.43,-124.25,32.36,93,93,4.41,CA,1608492501
200,Kiryat Gat,31.61,34.76,59.0,77,0,2.37,IL,1608492501
201,Tautira,-17.73,-149.15,84.2,66,75,3.36,PF,1608492501
202,Comodoro Rivadavia,-45.87,-67.5,75.2,33,0,19.46,AR,1608492501
203,Alofi,-19.06,-169.92,78.8,94,100,6.93,NU,1608492501
204,Rabo de Peixe,37.8,-25.58,62.6,88,75,13.87,PT,1608492501
205,Senanga,-16.12,23.27,70.41,86,97,4.36,ZM,1608492501
206,Olafsvik,64.89,-23.71,32.36,90,100,26.19,IS,1608492501
207,Belaya Gora,68.53,146.42,-31.34,84,0,3.06,RU,1608492501
208,Leh,34.17,77.58,11.46,67,92,0.54,IN,1608492502
209,Havre-St-Pierre,50.23,-63.6,28.4,74,90,3.36,CA,1608492502
210,Namysłów,51.08,17.72,35.01,100,0,2.24,PL,1608492502
211,Codrington,-38.27,141.97,48.04,84,100,7.25,AU,1608492502
212,Jaltenango,15.87,-92.72,80.46,50,6,4.03,MX,1608492502
213,Ōhara,35.25,140.38,39.2,47,20,4.7,JP,1608492502
214,Beringovskiy,63.05,179.32,-7.1,90,86,15.05,RU,1608492502
215,Touros,-5.2,-35.46,82.4,69,75,16.11,BR,1608492502
216,Nāyudupet,13.9,79.9,70.12,82,17,3.44,IN,1608492502
217,La Ronge,55.1,-105.28,-0.4,77,100,9.17,CA,1608492502
218,Port Elizabeth,-33.92,25.57,71.6,88,75,6.93,ZA,1608492502
219,Birjand,32.87,59.22,30.2,92,0,4.7,IR,1608492503
220,Karratha,-20.74,116.85,84.94,54,68,17.81,AU,1608492503
221,Biritiba-Mirim,-23.57,-46.04,89.6,35,40,9.17,BR,1608492503
222,Clyde River,70.47,-68.59,-0.4,84,90,16.11,CA,1608492503
223,Awjilah,29.11,21.29,57.54,61,0,10.0,LY,1608492503
224,Narsaq,60.92,-46.05,23.0,53,75,5.82,GL,1608492503
225,Shellbrook,53.22,-106.4,14.0,85,90,9.17,CA,1608492393
226,Saurimo,-9.66,20.39,63.14,98,100,3.83,AO,1608492503
227,Mehamn,71.04,27.85,28.4,86,90,13.87,NO,1608492503
228,Tasiilaq,65.61,-37.64,23.0,49,100,1.12,GL,1608492503
229,Severo-Kuril'sk,50.68,156.12,27.64,94,85,17.78,RU,1608492504
230,São Félix do Xingu,-6.64,-51.99,80.8,89,100,1.95,BR,1608492374
231,Springfield,37.22,-93.3,52.0,53,1,10.29,US,1608492447
232,Tiksi,71.69,128.87,-19.82,88,100,4.56,RU,1608492504
233,Aklavik,68.22,-135.01,-45.4,64,20,2.24,CA,1608492504
234,Dombarovskiy,50.76,59.54,-6.93,84,100,0.67,RU,1608492504
235,North Myrtle Beach,33.82,-78.68,51.8,100,90,6.93,US,1608492249
236,Saint-Augustin,51.23,-58.65,22.17,95,100,4.0,CA,1608492504
237,Pevek,69.7,170.31,-6.34,91,18,4.59,RU,1608492504
238,Ilebo,-4.32,20.58,69.35,94,100,0.56,CD,1608492505
239,Srednyaya Akhtuba,48.71,44.87,21.2,92,90,13.42,RU,1608492505
240,Kasulu,-4.58,30.1,64.17,91,99,2.28,TZ,1608492505
241,Henties Bay,-22.12,14.28,63.0,91,33,5.99,NA,1608492505
242,Naze,28.37,129.48,59.0,62,75,14.99,JP,1608492505
243,Tomatlán,19.93,-105.25,92.7,25,0,4.23,MX,1608492505
244,Bosobolo,4.18,19.9,78.08,34,0,1.39,CD,1608492505
245,Dodge City,37.75,-100.02,50.0,43,1,8.05,US,1608492505
246,Talnakh,69.49,88.4,-29.2,73,40,6.71,RU,1608492505
247,Nouakchott,18.09,-15.98,75.2,17,86,9.17,MR,1608492376
248,Airai,-8.93,125.41,61.2,100,100,3.2,TL,1608492505
249,Mwandiga,-4.83,29.66,72.27,77,100,2.44,TZ,1608492505
250,Cabo San Lucas,22.89,-109.91,78.01,60,75,4.7,MX,1608492505
251,Pochutla,15.74,-96.47,89.01,52,75,6.89,MX,1608492506
252,Marang,5.21,103.21,77.0,94,40,3.36,MY,1608492506
253,Katangli,51.71,143.23,-5.51,86,0,9.98,RU,1608492506
254,Hithadhoo,-0.6,73.08,82.26,73,0,7.36,MV,1608492506
255,Barra Mansa,-22.54,-44.17,89.6,55,0,12.75,BR,1608492506
256,Pangnirtung,66.15,-65.71,15.8,56,90,19.46,CA,1608492506
257,Anadyr,64.75,177.48,-7.6,69,0,6.71,RU,1608492506
258,Koutiala,12.39,-5.46,80.87,16,0,8.3,ML,1608492506
259,Sheridan,44.83,-106.92,57.2,22,1,36.91,US,1608492411
260,Gerāsh,27.67,54.14,51.8,71,0,1.97,IR,1608492280
261,Bandarbeyla,9.49,50.81,76.17,81,11,21.68,SO,1608492507
262,Baruun-Urt,46.68,113.28,0.91,89,0,15.61,MN,1608492507
263,Glendive,47.11,-104.71,55.0,37,40,25.28,US,1608492507
264,Altamont,42.21,-121.74,43.0,69,90,6.93,US,1608492507
265,Arraial do Cabo,-22.97,-42.03,89.6,66,0,11.41,BR,1608492507
266,Asău,46.43,26.4,36.0,93,75,1.12,RO,1608492507
267,Monchegorsk,67.94,32.87,27.0,94,100,10.18,RU,1608492507
268,Dikson,73.51,80.55,-26.57,84,66,6.49,RU,1608492507
269,Nizwá,22.93,57.53,61.77,64,59,3.27,OM,1608492507
270,Harper,4.38,-7.72,79.63,83,71,5.01,LR,1608492508
271,Huarmey,-10.07,-78.15,74.61,67,23,10.56,PE,1608492508
272,‘Āhuimanu,21.44,-157.84,80.6,73,75,8.05,US,1608492508
273,Corinth,37.94,22.96,55.99,69,100,1.99,GR,1608492508
274,Bonavista,48.65,-53.11,26.6,86,0,1.12,CA,1608492508
275,Dryden,49.78,-92.75,12.2,72,40,14.99,CA,1608492508
276,Sinnamary,5.38,-52.95,82.49,75,100,7.96,GF,1608492508
277,Alta Gracia,-31.65,-64.43,79.0,46,57,1.01,AR,1608492508
278,Sainte-Maxime,43.3,6.63,52.0,93,90,2.24,FR,1608492508
279,San Fernando del Valle de Catamarca,-28.47,-65.79,84.99,32,1,11.01,AR,1608492508
280,Raymond,43.9,-70.47,32.0,77,100,5.48,US,1608492508
281,Nísia Floresta,-6.09,-35.21,84.2,66,75,16.11,BR,1608492508
282,Havelock,34.88,-76.9,46.4,100,90,8.05,US,1608492265
283,Broome,42.25,-75.83,34.0,86,90,9.17,US,1608492509
284,Danilovka,50.36,44.12,14.99,95,98,10.8,RU,1608492509
285,Sorochinsk,52.43,53.16,-2.11,88,20,6.67,RU,1608492509
286,Marau,-28.45,-52.2,68.0,94,40,11.41,BR,1608492509
287,Kosh-Agach,50.0,88.67,-2.96,75,87,2.89,RU,1608492509
288,Tura,25.52,90.22,56.26,81,42,3.8,IN,1608492509
289,Dandong,40.13,124.39,19.24,77,0,1.97,CN,1608492509
290,Umm Kaddadah,13.6,26.69,70.39,22,0,10.67,SD,1608492509
291,Sobolevo,54.43,31.9,32.97,97,100,4.27,RU,1608492509
292,Mildura,-34.2,142.15,71.6,28,100,6.93,AU,1608492509
293,Vardø,70.37,31.11,30.2,92,75,21.92,NO,1608492510
294,Paphos,34.77,32.42,55.4,71,20,8.05,CY,1608492510
295,São Gabriel da Cachoeira,-0.13,-67.09,89.6,49,40,5.82,BR,1608492510
296,Kez,57.9,53.72,4.82,91,100,11.56,RU,1608492510
297,Praia,14.92,-23.51,75.2,64,75,18.34,CV,1608492510
298,Pombia,45.65,8.63,46.4,93,75,2.24,IT,1608492510
299,Port-Gentil,-0.72,8.78,80.6,88,75,10.29,GA,1608492510
300,Alekseyevka,50.63,38.69,13.95,96,20,7.27,RU,1608492510
301,Sainthia,23.95,87.67,58.23,37,94,7.05,IN,1608492510
302,Tra Vinh,9.93,106.35,70.63,75,100,6.91,VN,1608492510
303,Bengkulu,-3.8,102.27,74.55,85,97,4.52,ID,1608492511
304,Atasū,48.68,71.64,-9.45,91,39,5.97,KZ,1608492511
305,Cockburn Town,21.46,-71.14,78.8,74,40,16.11,TC,1608492511
306,Princeton,25.54,-80.41,81.0,61,40,10.29,US,1608492511
307,Dehlorān,32.69,47.27,55.42,47,0,2.91,IR,1608492511
308,Garoowe,8.41,48.48,77.27,53,0,18.12,SO,1608492511
309,Port Hawkesbury,45.62,-61.35,30.99,80,90,4.7,CA,1608492511
310,Gimli,50.63,-96.99,8.6,78,100,5.82,CA,1608492511
311,San Cristobal,7.77,-72.22,84.2,62,40,5.82,VE,1608492511
312,East London,-33.02,27.91,73.4,88,75,8.05,ZA,1608492511
313,Oga,46.46,10.35,48.99,100,75,1.12,IT,1608492512
314,Ponta Delgada,37.73,-25.67,62.6,88,75,13.87,PT,1608492512
315,Delhi,28.67,77.22,62.01,81,20,4.59,IN,1608492512
316,Nova Odesa,47.31,31.79,36.61,82,100,3.78,UA,1608492512
317,Omboué,-1.57,9.26,77.52,89,63,6.44,GA,1608492512
318,Bathsheba,13.22,-59.52,84.2,70,40,20.8,BB,1608492512
319,Yarkovo,57.4,67.08,14.09,85,99,15.19,RU,1608492512
320,Benin,9.5,2.25,81.75,22,0,2.68,BJ,1608492512
321,Umluj,25.02,37.27,74.68,61,0,10.16,SA,1608492512
322,Mata de São João,-12.53,-38.3,86.0,66,40,20.8,BR,1608492512
323,Poum,-20.23,164.02,78.46,72,78,7.78,NC,1608492512
324,Svetlaya,46.54,138.33,7.14,82,96,6.76,RU,1608492512
325,Ft. Pierce,27.45,-80.33,81.0,57,75,10.29,US,1608492264
326,Māngrol,21.12,70.12,71.26,57,0,5.7,IN,1608492513
327,Nikolayevka,53.13,47.2,2.52,92,28,3.78,RU,1608492513
328,Benguela,-12.58,13.41,75.6,71,100,3.8,AO,1608492513
329,Luanda,-8.84,13.23,78.8,74,75,3.36,AO,1608492513
330,Aripuanã,-9.17,-60.63,93.18,49,48,1.95,BR,1608492513
331,Dingle,11.0,122.67,76.3,90,100,7.4,PH,1608492513
332,Trelew,-43.25,-65.31,82.44,15,0,5.68,AR,1608492464
333,Karla,59.37,24.93,37.0,100,90,12.75,EE,1608492513
334,San Patricio,28.02,-97.52,71.01,46,20,4.7,US,1608492513
335,Terra Santa,-2.1,-56.49,92.79,48,97,3.15,BR,1608492513
336,Yinchuan,38.47,106.27,20.05,84,0,1.07,CN,1608492513
337,Nioki,-2.72,17.68,70.93,93,100,0.22,CD,1608492513
338,Inuvik,68.35,-133.72,-36.4,65,4,1.12,CA,1608492514
339,Eirunepé,-6.66,-69.87,91.33,51,83,3.62,BR,1608492514
340,Los Llanos de Aridane,28.66,-17.92,66.2,82,40,5.82,ES,1608492514
341,La Palma,33.85,-118.05,73.4,20,1,2.3,US,1608492514
342,Bilibino,68.05,166.44,-19.61,84,11,5.73,RU,1608492514
343,Khandyga,62.67,135.6,-44.59,72,0,1.12,RU,1608492514
344,Nikolayevsk-on-Amur,53.14,140.73,-16.29,84,20,4.76,RU,1608492514
345,Carutapera,-1.2,-46.02,84.69,62,4,9.31,BR,1608492514
346,Sterling,39.01,-77.43,44.6,75,90,8.05,US,1608492514
347,Verkhnyaya Inta,65.98,60.31,-11.63,89,82,5.75,RU,1608492514
348,Veisiejai,54.1,23.7,32.22,97,9,8.28,LT,1608492514
349,Nome,64.5,-165.41,-18.4,68,1,2.75,US,1608492515
350,Labuhan,-6.88,112.21,77.31,85,100,7.94,ID,1608492515
351,Bowen,-20.02,148.23,75.2,88,75,9.13,AU,1608492515
352,Tingo María,-9.29,-76.01,78.8,44,20,17.22,PE,1608492515
353,Forestville,38.85,-76.88,45.0,75,90,10.29,US,1608492386
354,Balkanabat,39.51,54.37,39.76,71,0,6.49,TM,1608492515
355,Babushkin,51.71,105.86,19.4,85,100,5.53,RU,1608492515
356,Smithers,54.78,-127.17,28.4,92,90,2.68,CA,1608492303
357,Nouadhibou,20.93,-17.03,71.6,56,0,8.05,MR,1608492515
358,Mazyr,52.05,29.25,31.57,98,0,3.83,BY,1608492515
359,Ormara,25.21,64.64,70.93,58,100,8.66,PK,1608492515
360,Koshurnikovo,54.17,93.3,10.98,96,100,3.11,RU,1608492516
361,Vao,-22.67,167.48,75.51,79,2,12.37,NC,1608492516
362,Iracoubo,5.48,-53.2,81.84,76,100,8.61,GF,1608492516
363,Fastiv,50.08,29.92,36.0,100,90,4.47,UA,1608492516
364,Kemin,42.78,75.69,17.73,92,99,0.81,KG,1608492516
365,Walvis Bay,-22.96,14.51,63.0,88,71,13.87,NA,1608492516
366,Samarai,-10.62,150.67,81.01,77,48,1.66,PG,1608492516
367,Avera,33.19,-82.53,51.01,85,90,2.98,US,1608492516
368,Ambulu,-8.35,113.61,77.04,86,66,4.56,ID,1608492516
369,Marawi,8.0,124.29,73.99,92,87,3.0,PH,1608492516
370,Pucallpa,-8.38,-74.55,93.2,49,40,10.29,PE,1608492516
371,Namatanai,-3.67,152.43,79.92,78,38,2.15,PG,1608492516
372,Mayo,38.89,-76.51,44.6,81,90,10.29,US,1608492517
373,Khani,41.96,42.96,41.0,93,90,6.93,GE,1608492517
374,Oranjemund,-28.55,16.43,65.26,80,100,16.55,NA,1608492517
375,Chara,56.91,118.26,-1.88,79,9,2.57,RU,1608492517
376,Prince Rupert,54.32,-130.32,44.6,81,90,6.93,CA,1608492517
377,Rørvik,64.86,11.24,46.4,61,0,10.29,NO,1608492517
378,Itoman,26.12,127.67,62.6,59,75,18.34,JP,1608492517
379,Zyryanka,65.75,150.85,-31.81,85,100,0.89,RU,1608492517
380,Calvinia,-31.47,19.78,80.46,29,97,7.23,ZA,1608492517
381,Nandi,13.39,77.7,62.6,100,40,2.24,IN,1608492517
382,Bluefields,12.01,-83.76,84.2,79,75,6.93,NI,1608492518
383,Kismayo,-0.36,42.55,79.45,81,32,12.91,SO,1608492518
384,Novaya Igirma,57.13,103.91,7.43,94,100,0.58,RU,1608492518
385,Laguna,38.42,-121.42,48.2,100,90,2.57,US,1608492276
386,Rio Brilhante,-21.8,-54.55,91.11,51,79,5.23,BR,1608492518
387,Katsuura,35.13,140.3,39.2,35,20,10.29,JP,1608492518
388,Delta del Tigre,-34.76,-56.39,71.6,52,75,13.87,UY,1608492481
389,Tefé,-3.35,-64.71,87.8,74,40,5.82,BR,1608492519
390,Aksu,41.12,80.26,17.04,86,100,0.38,CN,1608492519
391,Waipawa,-41.41,175.52,59.0,100,100,11.41,NZ,1608492340
392,Tuatapere,-46.13,167.68,47.98,88,100,4.16,NZ,1608492519
393,Saint-Joseph,-21.37,55.62,75.2,83,0,4.7,RE,1608492519
394,Palimbang,6.21,124.19,80.24,74,65,3.04,PH,1608492519
395,Mattru,7.62,-11.83,77.9,85,5,3.58,SL,1608492519
396,Nemuro,43.32,145.57,25.43,86,0,14.97,JP,1608492519
397,Emerald,-23.53,148.17,77.0,83,75,11.41,AU,1608492519
398,Rocha,-34.48,-54.33,65.86,54,80,20.07,UY,1608492519
399,San Juan de Arama,3.35,-73.89,83.43,61,39,7.65,CO,1608492519
400,Dzilam González,21.28,-88.93,85.75,54,17,3.22,MX,1608492519
401,Bhatkal,13.97,74.57,77.85,61,1,12.33,IN,1608492520
402,Natal,-5.79,-35.21,84.2,66,75,16.11,BR,1608492520
403,Częstochowa,50.8,19.12,36.0,94,90,6.93,PL,1608492520
404,Kirensk,57.79,108.11,1.0,92,100,1.59,RU,1608492520
405,Kalmunai,7.42,81.82,77.27,87,100,12.03,LK,1608492385
406,Chegdomyn,51.12,133.02,-21.33,85,16,1.32,RU,1608492520
407,Lavrentiya,65.58,-171.0,-10.5,87,0,12.68,RU,1608492520
408,Prado,-17.34,-39.22,81.7,70,91,16.89,BR,1608492327
409,Te Anau,-45.42,167.72,47.52,92,100,0.54,NZ,1608492520
410,Rondonópolis,-16.47,-54.64,95.13,35,100,5.03,BR,1608492520
411,Washougal,45.58,-122.35,51.01,97,100,1.9,US,1608492493
412,Kruisfontein,-34.0,24.73,72.0,85,50,1.99,ZA,1608492520
413,Paignton,50.44,-3.57,46.0,92,100,5.01,GB,1608492350
414,Skogn,63.7,11.2,48.2,74,0,24.16,NO,1608492521
415,Raglan,-37.8,174.88,64.99,90,49,4.0,NZ,1608492521
416,Geraldton,-28.77,114.6,60.8,82,0,9.17,AU,1608492521
417,Dunedin,-45.87,170.5,53.01,84,100,4.0,NZ,1608492420
418,Slave Lake,55.28,-114.77,33.8,86,90,23.04,CA,1608492521
419,Tazovsky,67.47,78.7,-31.5,84,25,9.01,RU,1608492522
420,Oron,4.83,8.23,80.2,81,0,6.96,NG,1608492522
421,Daru,-9.08,143.21,77.95,76,0,3.87,PG,1608492522
422,Burē,10.7,37.07,65.8,42,86,6.04,ET,1608492522
423,Ust'-Kulom,61.69,53.69,12.87,96,100,5.91,RU,1608492522
424,Pandan,14.05,124.17,79.39,85,100,13.91,PH,1608492522
425,Ashquelon,31.67,34.57,59.0,82,0,2.24,IL,1608492523
426,Bodden Town,19.28,-81.25,84.2,74,40,11.41,KY,1608492523
427,Anloga,5.79,0.9,82.4,83,20,11.41,GH,1608492523
428,Grindavik,63.84,-22.43,33.8,80,40,24.16,IS,1608492523
429,Korla,41.76,86.15,17.24,90,0,1.21,CN,1608492523
430,Vanimo,-2.67,141.3,78.8,83,96,3.18,PG,1608492524
431,Qui Nhon,13.77,109.23,70.03,87,100,24.36,VN,1608492524
432,São José da Laje,-9.01,-36.06,84.2,66,20,9.17,BR,1608492524
433,Batagay,67.63,134.63,-41.21,79,99,1.32,RU,1608492524
434,Taoudenni,22.68,-3.98,65.37,31,0,10.38,ML,1608492524
435,La Santisima Trinidad,-14.83,-64.9,93.2,56,40,11.41,BO,1608492524
436,Sisimiut,66.94,-53.67,15.4,82,100,14.09,GL,1608492524
437,Taşca,46.9,26.02,32.0,86,91,4.0,RO,1608492524
438,Kaitangata,-46.28,169.85,55.0,87,100,15.99,NZ,1608492525
439,Khāsh,28.22,61.22,44.6,60,0,5.3,IR,1608492352
440,Viedma,-40.81,-63.0,80.01,25,0,1.01,AR,1608492525
441,Laas,46.62,10.7,39.0,86,75,2.26,IT,1608492525
442,Guerrero Negro,27.98,-114.06,69.44,24,100,2.15,MX,1608492525
443,Nicolet,46.22,-72.62,30.2,92,100,2.24,CA,1608492525
444,Berdigestyakh,62.1,126.7,-28.28,84,100,2.28,RU,1608492525
445,Oudtshoorn,-33.59,22.2,68.0,88,9,11.41,ZA,1608492525
446,Chagoda,59.16,35.33,33.66,97,100,5.75,RU,1608492525
447,Byron Bay,-28.65,153.62,73.4,94,90,5.73,AU,1608492302
448,Vostok,46.49,135.88,-10.77,92,99,5.79,RU,1608492525
449,Marovoay,-16.1,46.63,77.0,83,40,6.93,MG,1608492525
450,Evensk,61.95,159.23,5.88,93,100,21.12,RU,1608492526
451,Biograd na Moru,43.94,15.45,46.99,93,20,2.24,HR,1608492526
452,St. George's,12.06,-61.75,86.0,74,20,16.11,GD,1608492259
453,Mogadishu,2.04,45.34,79.92,84,0,16.53,SO,1608492526
454,Lahaina,20.88,-156.68,80.6,65,40,14.99,US,1608492484
455,Pervomayskoye,43.92,46.71,40.28,92,100,7.09,RU,1608492526
456,Kazlų Rūda,54.77,23.5,35.6,96,90,5.82,LT,1608492526
457,Jalu,29.03,21.55,57.88,60,0,10.04,LY,1608492526
458,Ha Tinh,18.33,105.9,57.0,61,99,7.36,VN,1608492526
459,Koumac,-20.57,164.28,76.12,72,21,2.62,NC,1608492526
460,Meerane,50.85,12.47,39.2,71,100,5.82,DE,1608492527
461,Tezu,27.92,96.17,58.84,35,0,3.91,IN,1608492527
462,Yüksekova,37.57,44.29,26.6,92,20,4.7,TR,1608492527
463,Farah,32.5,62.5,44.01,71,0,3.56,AF,1608492313
464,San Miguel de Tucumán,-26.82,-65.22,86.0,27,0,4.7,AR,1608492527
465,Bol,13.46,14.71,76.75,45,63,7.58,TD,1608492527
466,Valparaíso,-33.04,-71.63,78.8,38,0,13.87,CL,1608492443
467,Simpang,-1.27,104.08,75.42,94,80,3.36,ID,1608492527
468,Moussoro,13.64,16.49,75.45,18,0,9.75,TD,1608492527
469,North Bend,43.41,-124.22,57.0,100,90,13.87,US,1608492527
470,Russell,32.35,-85.2,55.99,87,90,3.36,US,1608492527
471,Pangkalanbuun,-2.68,111.62,73.99,98,100,2.53,ID,1608492491
472,Valley City,46.92,-98.0,30.2,86,20,11.41,US,1608492527
473,Karwar,14.8,74.13,75.16,64,26,9.1,IN,1608492386
474,Stokmarknes,68.56,14.91,44.6,87,75,18.34,NO,1608492528
475,Leningradskiy,69.38,178.42,-1.91,90,100,7.78,RU,1608492528
476,Kärdla,59.0,22.75,37.0,95,100,8.01,EE,1608492528
477,Prince Albert,53.2,-105.77,14.0,85,90,9.17,CA,1608492528
478,Moroni,-11.7,43.26,80.74,74,3,1.54,KM,1608492528
479,Dunda,-8.12,34.25,68.09,84,5,0.63,TZ,1608492528
480,Nantucket,41.28,-70.1,48.2,81,20,10.29,US,1608492528
481,Kahului,20.89,-156.47,75.2,78,40,11.41,US,1608492264
482,Port Blair,11.67,92.75,79.86,79,1,13.31,IN,1608492528
483,Fairbanks,64.84,-147.72,-4.0,76,90,1.74,US,1608492528
484,Schöneiche,52.47,13.68,41.0,80,0,8.05,DE,1608492528
485,Ongandjera,-17.88,15.07,87.19,27,100,10.94,NA,1608492529
486,Bilma,18.69,12.92,64.27,28,0,3.42,NE,1608492529
487,Buraidah,26.33,43.98,60.8,82,75,11.41,SA,1608492529
488,Shimoda,34.67,138.95,41.07,68,4,13.09,JP,1608492529
489,Jimeta,9.28,12.47,81.48,17,0,0.67,NG,1608492529
490,Tcholliré,8.4,14.17,76.93,19,16,1.32,CM,1608492436
491,Korsakovo,53.27,37.36,22.96,98,88,7.38,RU,1608492529
492,Sirte,31.21,16.59,63.9,61,0,14.9,LY,1608492529
493,Homer,59.64,-151.55,30.2,92,75,5.82,US,1608492529
494,Puerto Princesa City,9.74,118.74,82.4,83,20,6.93,PH,1608492529
495,Maamba,-17.37,27.15,74.25,81,100,3.22,ZM,1608492529
496,Yekaterinogradskaya,43.76,44.23,32.0,94,90,4.5,RU,1608492529
497,Camacha,33.08,-16.33,60.8,77,20,2.24,PT,1608492530
498,Tocopilla,-22.09,-70.2,70.95,48,86,6.58,CL,1608492530
499,Sur,22.57,59.53,70.68,68,1,9.35,OM,1608492530
500,San Matías,-16.37,-58.4,102.06,28,74,5.95,BO,1608492530
501,Gornoye Loo,43.71,39.6,44.6,87,90,4.47,RU,1608492530
502,Gao,16.64,1.64,78.75,17,47,7.45,ML,1608492530
503,Hatten,53.02,8.35,48.0,87,20,9.17,DE,1608492530
504,Skrunda,56.68,22.02,35.6,93,81,6.93,LV,1608492530
505,Palmer,42.16,-72.33,32.0,68,90,6.71,US,1608492530
506,Artvin Province,41.17,41.83,46.4,81,75,18.34,TR,1608492531
507,Hofn,64.25,-15.21,35.96,78,100,7.16,IS,1608492531
508,Mopti,14.67,-4.0,80.6,32,0,12.75,ML,1608492531
509,Mayna,54.11,47.62,-0.36,93,0,6.26,RU,1608492531
510,San Policarpo,12.18,125.51,80.76,83,100,13.69,PH,1608492531
511,Tabuk,17.42,121.44,70.84,92,100,3.6,PH,1608492531
512,Aranos,-24.13,19.12,75.18,61,100,8.95,NA,1608492531
513,Kintampo,8.06,-1.73,87.15,30,71,1.95,GH,1608492531
514,Murovani Kurylivtsi,48.72,27.52,33.01,93,94,3.0,UA,1608492531
515,Zorritos,-3.68,-80.68,82.4,69,40,9.17,PE,1608492531
516,Kaka,37.35,59.61,36.09,82,0,7.61,TM,1608492532
517,Flinders,-34.58,150.86,66.0,91,100,1.01,AU,1608492532
518,Nueva Guinea,11.69,-84.46,82.56,71,7,12.12,NI,1608492532
519,Lensk,60.73,114.93,-4.67,88,100,9.57,RU,1608492532
520,Rodolfo Sánchez Taboada,31.72,-116.57,75.99,5,0,5.01,MX,1608492532
521,Esim,4.87,-2.24,80.17,79,89,5.06,GH,1608492532
522,Barra de Tecoanapa,16.52,-98.75,85.77,56,100,9.57,MX,1608492532
523,Dalby,-27.18,151.27,72.0,83,37,1.01,AU,1608492533
524,Miles City,46.41,-105.84,51.8,37,1,26.4,US,1608492533
525,Petra,30.32,35.48,51.69,55,0,3.91,JO,1608492533
526,Kingman,35.19,-114.05,57.0,25,1,5.82,US,1608492461
527,Rawson,-43.3,-65.1,75.88,25,3,5.7,AR,1608492533
528,Egvekinot,66.32,-179.17,-13.38,85,10,14.41,RU,1608492533
529,Hrodna,53.69,23.83,31.98,98,11,8.43,BY,1608492533
530,Marsá Maţrūḩ,31.35,27.25,62.6,67,40,8.37,EG,1608492403
531,High Level,58.52,-117.14,-9.4,76,75,4.7,CA,1608492533
532,Buchanan,5.88,-10.05,77.0,88,40,3.36,LR,1608492533
533,Antalaha,-14.9,50.28,76.53,89,99,4.72,MG,1608492533
534,Yangi Marg`ilon,40.43,71.72,33.8,89,100,4.0,UZ,1608492533
535,Tabory,58.52,64.55,14.11,85,100,14.88,RU,1608492534
536,Ribeira Grande,38.52,-28.7,64.4,93,75,20.8,PT,1608492534
537,Ostrovnoy,68.05,39.51,26.76,97,100,19.37,RU,1608492534
538,Hervey Bay,-25.3,152.85,77.0,81,45,3.0,AU,1608492534
539,Cidreira,-30.18,-50.21,79.84,52,100,10.22,BR,1608492534
540,Willowmore,-33.29,23.49,69.62,71,0,16.8,ZA,1608492534
541,Parit Buntar,5.13,100.49,78.8,83,40,3.36,MY,1608492534
542,Xining,36.62,101.77,9.7,65,0,3.94,CN,1608492534
543,Independence,39.09,-94.42,50.0,42,1,10.29,US,1608492304
544,Nakhon Thai,17.1,100.84,60.28,68,83,4.34,TH,1608492534
545,Stillwater,36.12,-97.06,55.4,49,1,8.05,US,1608492534
546,Zeya,53.75,127.27,-8.79,88,100,0.67,RU,1608492534
547,Granada,37.25,-3.25,51.01,86,2,1.01,ES,1608492534
548,Ixtapa,20.7,-105.2,77.0,61,20,4.7,MX,1608492535
549,Shiyan,32.65,110.78,36.84,73,0,1.86,CN,1608492535
550,Haines Junction,60.75,-137.51,18.55,91,0,6.06,CA,1608492535
551,Kīranūr,10.57,78.79,71.6,94,20,6.93,IN,1608492535
552,Kuytun,54.34,101.5,14.4,95,100,2.06,RU,1608492535
553,Juneau,58.3,-134.42,39.0,74,75,11.41,US,1608492475
554,Solnechnyy,50.72,136.63,-5.89,83,0,2.75,RU,1608492535
555,Srednekolymsk,67.45,153.68,-37.12,83,1,1.63,RU,1608492535
556,Presidente Médici,-11.18,-61.9,88.45,63,56,5.44,BR,1608492536
557,Aasiaat,68.71,-52.87,2.84,82,85,9.24,GL,1608492536
